epoch,time,train/box_loss,train/cls_loss,train/dfl_loss,train/moe_loss,metrics/precision(B),metrics/recall(B),metrics/mAP50(B),metrics/mAP50-95(B),val/box_loss,val/cls_loss,val/dfl_loss,val/moe_loss,lr/pg0,lr/pg1,lr/pg2,lr/pg3
1,130.047,6.46471,29.1827,4.81975,0.0439,0,0,0,0,6.63646,4.72713,4.04536,0,0.0684827,0.00165881,0.00165881,0.000165881
2,208.024,3.92922,4.12369,2.73666,0.0434,0.17476,0.19958,0.10264,0.03306,2.68186,4.2317,1.80198,0,0.0368158,0.00332527,0.00332527,0.000332527
3,272.584,2.37167,2.36667,1.47618,0.04235,0.24725,0.24095,0.13485,0.04077,2.46802,2.58348,1.56905,0,0.00514815,0.00499092,0.00499092,0.000499092
4,332.246,2.09466,2.05785,1.31865,0.04133,0.48675,0.35244,0.33598,0.12353,2.14069,2.83618,1.41692,0,0.00499725,0.00499725,0.00499725,0.000499725
5,398.124,1.95677,1.8505,1.25824,0.03936,0.48749,0.34231,0.33915,0.12263,2.11821,2.1233,1.39969,0,0.00499512,0.00499512,0.00499512,0.000499512
6,483.814,1.88084,1.74122,1.22876,0.03796,0.44055,0.35138,0.32073,0.12114,2.09652,2.06876,1.38797,0,0.00499237,0.00499237,0.00499237,0.000499237
7,552.647,1.83255,1.66269,1.20299,0.03747,0.40132,0.39066,0.31405,0.11485,2.1098,2.04222,1.38526,0,0.00498902,0.00498902,0.00498902,0.000498902
8,623.53,1.80303,1.58556,1.18726,0.03611,0.50944,0.46191,0.42028,0.16023,2.02459,1.82831,1.36224,0,0.00498505,0.00498505,0.00498505,0.000498505
9,693.057,1.75841,1.53666,1.17556,0.03401,0.55635,0.4448,0.43372,0.16859,2.09028,2.06525,1.38663,0,0.00498048,0.00498048,0.00498048,0.000498048
10,757.866,1.74529,1.46697,1.17657,0.03338,0.56896,0.38674,0.40305,0.16099,2.09097,1.96746,1.36205,0,0.00497531,0.00497531,0.00497531,0.000497531
11,827.631,1.70954,1.4322,1.16245,0.03202,0.41229,0.43312,0.36065,0.14238,2.09532,2.00853,1.36499,0,0.00496953,0.00496953,0.00496953,0.000496953
12,900.78,1.71507,1.42182,1.16019,0.03095,0.38614,0.3482,0.27201,0.1074,2.10775,2.27091,1.39028,0,0.00496315,0.00496315,0.00496315,0.000496315
13,966.766,1.68915,1.3746,1.15236,0.02741,0.65372,0.48938,0.52844,0.2219,2.00066,1.57328,1.34524,0,0.00495616,0.00495616,0.00495616,0.000495616
14,1031.16,1.67468,1.35509,1.14056,0.02658,0.58075,0.50637,0.49206,0.20562,1.97362,1.86731,1.32452,0,0.00494858,0.00494858,0.00494858,0.000494858
15,1097.02,1.65915,1.32113,1.14675,0.02588,0.46971,0.38535,0.34729,0.13718,2.07629,2.01662,1.37209,0,0.00494039,0.00494039,0.00494039,0.000494039
16,1161.76,1.64823,1.30075,1.132,0.02419,0.67065,0.4862,0.53189,0.21081,1.97661,1.75895,1.35131,0,0.00493162,0.00493162,0.00493162,0.000493162
17,1225.48,1.64314,1.28966,1.12763,0.02265,0.71925,0.51944,0.57229,0.23502,1.99397,1.48818,1.32921,0,0.00492224,0.00492224,0.00492224,0.000492224
18,1288.25,1.63521,1.27807,1.1294,0.0213,0.68187,0.53715,0.57379,0.24535,1.99163,1.78879,1.34985,0,0.00491228,0.00491228,0.00491228,0.000491228
19,1350.06,1.62027,1.24894,1.12305,0.02057,0.68545,0.54034,0.56816,0.2306,1.96453,1.57924,1.3375,0,0.00490173,0.00490173,0.00490173,0.000490173
20,1412.96,1.60223,1.22791,1.12044,0.01926,0.68472,0.53822,0.57835,0.24515,1.94204,1.46887,1.31977,0,0.00489059,0.00489059,0.00489059,0.000489059
21,1477.47,1.60837,1.23797,1.11992,0.01712,0.71422,0.56511,0.60558,0.24735,1.98523,1.70097,1.33085,0,0.00487886,0.00487886,0.00487886,0.000487886
22,1543.75,1.57498,1.19383,1.1081,0.01663,0.66419,0.50212,0.51454,0.21329,2.04828,1.7175,1.36331,0,0.00486656,0.00486656,0.00486656,0.000486656
23,1609.14,1.5879,1.20948,1.11895,0.01519,0.68543,0.55977,0.59,0.25183,1.95345,1.39704,1.33433,0,0.00485368,0.00485368,0.00485368,0.000485368
24,1673.04,1.59138,1.18565,1.11471,0.01518,0.7222,0.60403,0.61309,0.2609,1.91939,1.33437,1.32524,0,0.00484022,0.00484022,0.00484022,0.000484022
25,1744.83,1.56566,1.17428,1.10349,0.01514,0.63711,0.54989,0.55741,0.23859,1.94261,1.68211,1.32774,0,0.0048262,0.0048262,0.0048262,0.00048262
26,1809.07,1.54224,1.14371,1.0918,0.0151,0.68955,0.54232,0.57546,0.24215,2.00155,1.44212,1.34884,0,0.0048116,0.0048116,0.0048116,0.00048116
27,1874.9,1.55444,1.14134,1.1089,0.01508,0.71274,0.54565,0.56357,0.23637,2.0444,1.49595,1.36305,0,0.00479644,0.00479644,0.00479644,0.000479644
28,1939.08,1.55089,1.12845,1.10109,0.01502,0.70719,0.54097,0.57101,0.2297,1.99771,1.39508,1.35746,0,0.00478072,0.00478072,0.00478072,0.000478072
29,2002.26,1.54974,1.13567,1.09673,0.015,0.71793,0.55414,0.59922,0.24408,2.01799,1.49034,1.36577,0,0.00476445,0.00476445,0.00476445,0.000476445
30,2067.13,1.5432,1.12848,1.09479,0.01497,0.6846,0.56582,0.59001,0.23538,2.01468,1.70217,1.36261,0,0.00474762,0.00474762,0.00474762,0.000474762
31,2131.78,1.52802,1.09347,1.0888,0.0149,0.77501,0.57006,0.62552,0.25544,1.98099,1.42973,1.34494,0,0.00473024,0.00473024,0.00473024,0.000473024
32,2195.38,1.51834,1.0744,1.08689,0.01486,0.77956,0.55308,0.61485,0.2523,2.05347,1.33192,1.39316,0,0.00471232,0.00471232,0.00471232,0.000471232
33,2262.22,1.53261,1.09202,1.09185,0.01481,0.70478,0.58036,0.599,0.25669,2.00788,1.39714,1.36011,0,0.00469386,0.00469386,0.00469386,0.000469386
34,2325.17,1.50493,1.07402,1.07767,0.01474,0.7267,0.53914,0.57861,0.24917,1.97133,1.41013,1.34587,0,0.00467486,0.00467486,0.00467486,0.000467486
35,2389.58,1.50553,1.06712,1.07777,0.01467,0.70072,0.55924,0.59548,0.24443,1.95098,1.49027,1.32912,0,0.00465534,0.00465534,0.00465534,0.000465534
36,2452.93,1.49786,1.05134,1.08377,0.01463,0.74835,0.56824,0.60499,0.25615,1.99029,1.35228,1.34993,0,0.00463528,0.00463528,0.00463528,0.000463528
37,2516.57,1.5121,1.056,1.07853,0.01458,0.74968,0.57219,0.6089,0.25945,1.9361,1.32857,1.33298,0,0.00461471,0.00461471,0.00461471,0.000461471
38,2580.61,1.4915,1.05745,1.07641,0.0145,0.7446,0.58494,0.61964,0.25626,1.98272,1.32994,1.33846,0,0.00459362,0.00459362,0.00459362,0.000459362
39,2645.03,1.49788,1.04479,1.08629,0.01448,0.7424,0.57325,0.59274,0.25534,1.96277,1.34278,1.33837,0,0.00457202,0.00457202,0.00457202,0.000457202
40,2709.56,1.48078,1.04104,1.0766,0.01441,0.75002,0.58811,0.63345,0.26968,1.91307,1.33273,1.31732,0,0.00454992,0.00454992,0.00454992,0.000454992
41,2774.47,1.46935,1.02657,1.06819,0.01437,0.76605,0.59441,0.64405,0.27973,1.94414,1.30575,1.33227,0,0.00452732,0.00452732,0.00452732,0.000452732
42,2839.46,1.46584,1.00459,1.0666,0.01431,0.79726,0.54459,0.62449,0.2689,1.94819,1.35837,1.33033,0,0.00450422,0.00450422,0.00450422,0.000450422
43,2902.22,1.47725,1.02214,1.07329,0.01425,0.73252,0.57853,0.6223,0.26092,1.95935,1.45727,1.33532,0,0.00448063,0.00448063,0.00448063,0.000448063
44,2968.94,1.47342,1.01635,1.07141,0.01416,0.78687,0.56582,0.63679,0.27261,1.97025,1.33,1.35001,0,0.00445657,0.00445657,0.00445657,0.000445657
45,3033.81,1.4588,1.01008,1.06683,0.01415,0.75395,0.58227,0.63807,0.26411,1.96939,1.34407,1.34597,0,0.00443202,0.00443202,0.00443202,0.000443202
46,3095.65,1.45984,1.00737,1.06873,0.01406,0.768,0.58811,0.63787,0.26906,1.95404,1.28312,1.32741,0,0.004407,0.004407,0.004407,0.0004407
47,3158.94,1.44578,0.97998,1.06522,0.014,0.76661,0.59873,0.63817,0.27553,1.92627,1.30176,1.31943,0,0.00438152,0.00438152,0.00438152,0.000438152
48,3222,1.44384,0.98019,1.06162,0.01389,0.74564,0.61616,0.63974,0.27742,1.96002,1.27588,1.34617,0,0.00435559,0.00435559,0.00435559,0.000435559
49,3286.21,1.43168,0.96995,1.05408,0.01386,0.72717,0.6055,0.62875,0.2733,1.93219,1.30292,1.33003,0,0.0043292,0.0043292,0.0043292,0.00043292
50,3352.74,1.44308,0.98046,1.05697,0.01376,0.76004,0.60185,0.63999,0.27553,1.95099,1.35577,1.34972,0,0.00430236,0.00430236,0.00430236,0.000430236
51,3418.35,1.44169,0.96931,1.06472,0.01373,0.74644,0.62191,0.64417,0.27866,1.95448,1.28582,1.33322,0,0.00427509,0.00427509,0.00427509,0.000427509
52,3480.85,1.44027,0.96893,1.06183,0.01364,0.76983,0.6036,0.64693,0.2701,1.9459,1.30649,1.3398,0,0.00424738,0.00424738,0.00424738,0.000424738
53,3543.76,1.41893,0.95773,1.05195,0.01356,0.74632,0.61837,0.64035,0.27416,1.93784,1.30675,1.32885,0,0.00421925,0.00421925,0.00421925,0.000421925
54,3606.56,1.42462,0.95303,1.05565,0.0135,0.77396,0.62102,0.66234,0.28576,1.91904,1.25663,1.30673,0,0.00419071,0.00419071,0.00419071,0.000419071
55,3672.02,1.41903,0.94719,1.05004,0.0134,0.77153,0.59508,0.63407,0.27026,1.93226,1.28508,1.33263,0,0.00416175,0.00416175,0.00416175,0.000416175
56,3735.48,1.40693,0.9427,1.04875,0.01334,0.76049,0.59979,0.63199,0.26801,1.99668,1.27125,1.36094,0,0.00413238,0.00413238,0.00413238,0.000413238
57,3797.73,1.40582,0.93831,1.04847,0.01327,0.75746,0.59979,0.62426,0.26854,1.99448,1.28184,1.36352,0,0.00410262,0.00410262,0.00410262,0.000410262
58,3861.07,1.41499,0.9238,1.04782,0.01316,0.79286,0.58174,0.63772,0.27623,1.95835,1.26282,1.34459,0,0.00407248,0.00407248,0.00407248,0.000407248
59,3924.6,1.39574,0.91924,1.04685,0.01314,0.77706,0.62102,0.65843,0.28445,1.93497,1.22716,1.33405,0,0.00404194,0.00404194,0.00404194,0.000404194
60,3988.68,1.40156,0.9282,1.05068,0.01301,0.80587,0.61697,0.66505,0.28951,1.94676,1.2232,1.32749,0,0.00401104,0.00401104,0.00401104,0.000401104
61,4055.56,1.39396,0.91389,1.04551,0.01293,0.76265,0.62423,0.64768,0.28071,1.9519,1.27381,1.335,0,0.00397977,0.00397977,0.00397977,0.000397977
62,4121.44,1.40271,0.91999,1.0478,0.01286,0.78812,0.59554,0.63115,0.27305,2.00595,1.29701,1.36954,0,0.00394814,0.00394814,0.00394814,0.000394814
63,4184.03,1.38226,0.91427,1.04175,0.01277,0.74968,0.61571,0.64704,0.2736,1.96801,1.27451,1.34973,0,0.00391616,0.00391616,0.00391616,0.000391616
64,4245.67,1.38778,0.9123,1.0431,0.01269,0.75484,0.60722,0.63009,0.28001,1.93747,1.23042,1.33673,0,0.00388383,0.00388383,0.00388383,0.000388383
65,4309.58,1.40053,0.90352,1.04622,0.01261,0.78943,0.59766,0.63755,0.27824,1.9688,1.27906,1.35681,0,0.00385117,0.00385117,0.00385117,0.000385117
66,4375.85,1.38045,0.8997,1.03805,0.0125,0.7967,0.57825,0.6363,0.27916,1.96053,1.29237,1.34638,0,0.00381818,0.00381818,0.00381818,0.000381818
67,4440.82,1.38407,0.89285,1.04352,0.01245,0.78701,0.62633,0.66147,0.28599,1.97476,1.21376,1.35217,0,0.00378488,0.00378488,0.00378488,0.000378488
68,4505.97,1.37443,0.88919,1.03615,0.01234,0.81516,0.60616,0.65994,0.28862,1.94115,1.22675,1.3387,0,0.00375126,0.00375126,0.00375126,0.000375126
69,4569.46,1.37395,0.88317,1.04124,0.01226,0.79448,0.61465,0.65189,0.28701,1.93128,1.23218,1.32668,0,0.00371734,0.00371734,0.00371734,0.000371734
70,4632.58,1.36677,0.87955,1.03409,0.01217,0.7813,0.6051,0.64733,0.28476,1.98223,1.27953,1.35461,0,0.00368313,0.00368313,0.00368313,0.000368313
71,4696.12,1.3636,0.88085,1.03153,0.01209,0.77526,0.60423,0.65597,0.29113,1.95378,1.23366,1.34334,0,0.00364863,0.00364863,0.00364863,0.000364863
72,4763.17,1.35754,0.86831,1.02744,0.01203,0.7879,0.60828,0.66293,0.29271,1.95715,1.22289,1.34082,0,0.00361385,0.00361385,0.00361385,0.000361385
73,4826.54,1.34398,0.86061,1.03369,0.0119,0.7884,0.63283,0.666,0.29815,1.92368,1.19463,1.32939,0,0.0035788,0.0035788,0.0035788,0.00035788
74,4890.23,1.35399,0.86756,1.02416,0.01182,0.79508,0.60958,0.65459,0.28468,1.97166,1.23605,1.36129,0,0.0035435,0.0035435,0.0035435,0.00035435
75,4954.1,1.34511,0.86099,1.02925,0.01171,0.80438,0.61465,0.65528,0.28764,1.9685,1.21019,1.35802,0,0.00350794,0.00350794,0.00350794,0.000350794
76,5016.61,1.34359,0.84765,1.02944,0.01162,0.78232,0.6104,0.64391,0.28466,1.96055,1.22396,1.35138,0,0.00347214,0.00347214,0.00347214,0.000347214
77,5083.22,1.34173,0.85488,1.02634,0.01154,0.79224,0.62208,0.66507,0.28818,1.9614,1.21649,1.34679,0,0.00343611,0.00343611,0.00343611,0.000343611
78,5147.88,1.33038,0.83603,1.02393,0.01145,0.82029,0.61359,0.66686,0.2893,1.956,1.19617,1.35002,0,0.00339985,0.00339985,0.00339985,0.000339985
79,5210.89,1.3336,0.84149,1.0218,0.01133,0.8121,0.61996,0.67465,0.28878,1.96776,1.20143,1.35452,0,0.00336338,0.00336338,0.00336338,0.000336338
80,5275.06,1.3297,0.83768,1.01888,0.01122,0.82154,0.62066,0.67965,0.29362,1.95661,1.20505,1.35491,0,0.0033267,0.0033267,0.0033267,0.00033267
81,5338.8,1.32034,0.82964,1.01301,0.01115,0.83867,0.61571,0.67898,0.29692,1.94467,1.18214,1.34759,0,0.00328982,0.00328982,0.00328982,0.000328982
82,5402.47,1.31471,0.82855,1.01589,0.01106,0.77521,0.61465,0.66354,0.28912,1.97905,1.20923,1.36047,0,0.00325275,0.00325275,0.00325275,0.000325275
83,5468.8,1.31662,0.82707,1.01465,0.01094,0.81101,0.59979,0.6602,0.28706,1.97202,1.21278,1.36446,0,0.0032155,0.0032155,0.0032155,0.00032155
84,5533.49,1.31614,0.8126,1.01149,0.01085,0.76625,0.63336,0.66261,0.28557,1.95952,1.20681,1.35607,0,0.00317809,0.00317809,0.00317809,0.000317809
85,5597.04,1.30001,0.81718,1.00958,0.01074,0.79644,0.59766,0.66357,0.28779,1.97144,1.22716,1.35842,0,0.00314051,0.00314051,0.00314051,0.000314051
86,5658.53,1.31223,0.81137,1.01446,0.01065,0.7933,0.59236,0.64956,0.293,1.95909,1.21979,1.36241,0,0.00310278,0.00310278,0.00310278,0.000310278
87,5720.25,1.31358,0.80303,1.01689,0.01054,0.78442,0.62208,0.66494,0.28907,1.95918,1.22935,1.35421,0,0.0030649,0.0030649,0.0030649,0.00030649
88,5781.22,1.30568,0.80964,1.00967,0.01045,0.77001,0.6291,0.66474,0.28863,1.96754,1.22207,1.35968,0,0.0030269,0.0030269,0.0030269,0.00030269
89,5845.79,1.28975,0.79493,1.00955,0.01035,0.76769,0.62794,0.65768,0.28684,1.98462,1.2444,1.3681,0,0.00298877,0.00298877,0.00298877,0.000298877
90,5908.48,1.29926,0.79482,1.00993,0.01028,0.76346,0.6242,0.66727,0.28745,1.96941,1.23176,1.36283,0,0.00295052,0.00295052,0.00295052,0.000295052
91,5971,1.28331,0.78625,1.00617,0.01015,0.81134,0.6051,0.6674,0.29407,1.96538,1.21468,1.36234,0,0.00291218,0.00291218,0.00291218,0.000291218
92,6033.42,1.30393,0.79897,1.01332,0.01008,0.77991,0.63057,0.67264,0.29632,1.97284,1.20703,1.36905,0,0.00287373,0.00287373,0.00287373,0.000287373
93,6095.82,1.29034,0.78565,1.00968,0.00995,0.80754,0.60297,0.67235,0.29466,1.97984,1.21108,1.37461,0,0.0028352,0.0028352,0.0028352,0.00028352
94,6158.46,1.27914,0.79215,1.00534,0.00985,0.79843,0.6097,0.66537,0.29323,1.97998,1.23006,1.37636,0,0.00279659,0.00279659,0.00279659,0.000279659
95,6221.48,1.28529,0.78632,1.00769,0.00977,0.80551,0.61677,0.67213,0.29122,1.99157,1.23251,1.383,0,0.00275792,0.00275792,0.00275792,0.000275792
96,6282.97,1.27992,0.77913,0.99999,0.00966,0.82482,0.60085,0.67376,0.29713,1.98412,1.21873,1.37789,0,0.00271919,0.00271919,0.00271919,0.000271919
97,6346.58,1.26812,0.77249,0.99787,0.00957,0.81719,0.60934,0.67669,0.2987,1.9697,1.21191,1.36559,0,0.00268041,0.00268041,0.00268041,0.000268041
98,6408.45,1.28223,0.77943,0.99617,0.00947,0.79216,0.63119,0.67794,0.29807,1.96685,1.21552,1.36116,0,0.00264159,0.00264159,0.00264159,0.000264159
99,6469.89,1.26483,0.7635,1.00116,0.00934,0.77952,0.63588,0.66974,0.29769,1.95815,1.22193,1.35596,0,0.00260274,0.00260274,0.00260274,0.000260274
100,6533.58,1.26784,0.76691,1.00065,0.00925,0.8118,0.62633,0.66709,0.29463,1.95741,1.22353,1.35708,0,0.00256388,0.00256388,0.00256388,0.000256388
101,6597.01,1.26711,0.76306,1.00246,0.00917,0.7934,0.62845,0.66191,0.29207,1.95503,1.22629,1.35203,0,0.002525,0.002525,0.002525,0.0002525
102,6660.07,1.23853,0.75045,0.99401,0.00908,0.8098,0.60722,0.6656,0.29374,1.96225,1.21736,1.35453,0,0.00248612,0.00248612,0.00248612,0.000248612
103,6720.78,1.25398,0.75409,0.99415,0.00896,0.78832,0.61783,0.66268,0.29143,1.97044,1.21093,1.35994,0,0.00244726,0.00244726,0.00244726,0.000244726
104,6782.79,1.25534,0.76306,0.99333,0.00886,0.7994,0.61342,0.66437,0.28997,1.97848,1.21615,1.36368,0,0.00240841,0.00240841,0.00240841,0.000240841
105,6843.08,1.2392,0.74775,0.98867,0.00876,0.80199,0.61053,0.6688,0.29388,1.97011,1.22377,1.35535,0,0.00236959,0.00236959,0.00236959,0.000236959
106,6906.24,1.24735,0.74842,0.99397,0.00866,0.79458,0.6242,0.6766,0.29699,1.95773,1.21587,1.35288,0,0.00233081,0.00233081,0.00233081,0.000233081
107,6970.34,1.24559,0.75621,0.99416,0.00856,0.80114,0.62739,0.6756,0.29947,1.94989,1.21791,1.34749,0,0.00229208,0.00229208,0.00229208,0.000229208
108,7033.38,1.24228,0.7503,0.99066,0.00847,0.80348,0.62951,0.67925,0.30266,1.95383,1.21857,1.34761,0,0.00225341,0.00225341,0.00225341,0.000225341
109,7097.02,1.22483,0.73609,0.98184,0.00836,0.82096,0.61571,0.68449,0.30391,1.94812,1.20648,1.34444,0,0.0022148,0.0022148,0.0022148,0.00022148
110,7159.88,1.22182,0.71989,0.98563,0.00826,0.80053,0.62203,0.67915,0.30021,1.94777,1.21214,1.34402,0,0.00217627,0.00217627,0.00217627,0.000217627
111,7224.86,1.22961,0.73339,0.98771,0.00813,0.82146,0.61051,0.67779,0.29941,1.94802,1.20909,1.34614,0,0.00213782,0.00213782,0.00213782,0.000213782
112,7289.12,1.21245,0.72451,0.98289,0.00804,0.79833,0.62633,0.68017,0.30139,1.94866,1.20773,1.34789,0,0.00209948,0.00209948,0.00209948,0.000209948
113,7352.04,1.22301,0.71966,0.98658,0.00796,0.80536,0.62813,0.68294,0.30518,1.94245,1.20404,1.34514,0,0.00206123,0.00206123,0.00206123,0.000206123
114,7415.11,1.21862,0.71746,0.98133,0.00785,0.77529,0.63731,0.68005,0.30187,1.94123,1.21164,1.34375,0,0.0020231,0.0020231,0.0020231,0.00020231
115,7477.87,1.21506,0.70937,0.9865,0.00777,0.78254,0.63795,0.68162,0.30223,1.9395,1.21289,1.34123,0,0.0019851,0.0019851,0.0019851,0.00019851
116,7540.03,1.21847,0.72191,0.97619,0.00766,0.78098,0.62838,0.67301,0.30061,1.94249,1.21633,1.34369,0,0.00194722,0.00194722,0.00194722,0.000194722
117,7601.52,1.2096,0.7067,0.98018,0.00756,0.79598,0.62124,0.67723,0.3034,1.9475,1.21381,1.34764,0,0.00190949,0.00190949,0.00190949,0.000190949
118,7665.84,1.20139,0.71048,0.98212,0.00746,0.80381,0.61763,0.67683,0.30519,1.94999,1.21405,1.35256,0,0.00187191,0.00187191,0.00187191,0.000187191
119,7728.85,1.1918,0.70353,0.97542,0.00736,0.80922,0.6079,0.67296,0.304,1.95195,1.21654,1.355,0,0.0018345,0.0018345,0.0018345,0.00018345
120,7790.41,1.18956,0.69504,0.9729,0.00727,0.7896,0.6215,0.67449,0.30458,1.95334,1.21689,1.35582,0,0.00179725,0.00179725,0.00179725,0.000179725
121,7855.15,1.18199,0.68856,0.97374,0.00717,0.78695,0.62208,0.67559,0.3045,1.95615,1.2167,1.35799,0,0.00176018,0.00176018,0.00176018,0.000176018
122,7916.53,1.18649,0.68917,0.97676,0.00707,0.7965,0.61253,0.67074,0.30384,1.95699,1.22353,1.35755,0,0.0017233,0.0017233,0.0017233,0.00017233
123,7980.34,1.19296,0.69029,0.97526,0.00697,0.79825,0.61253,0.67178,0.30259,1.95516,1.2236,1.35531,0,0.00168662,0.00168662,0.00168662,0.000168662
124,8044.92,1.18439,0.69127,0.97822,0.00687,0.79154,0.60866,0.6681,0.30131,1.95728,1.22678,1.35664,0,0.00165015,0.00165015,0.00165015,0.000165015
125,8107.36,1.18635,0.69294,0.97042,0.00678,0.79179,0.61253,0.67122,0.30167,1.95927,1.22569,1.35626,0,0.00161389,0.00161389,0.00161389,0.000161389
126,8168.85,1.18013,0.68591,0.96888,0.00667,0.78519,0.6131,0.673,0.30076,1.95768,1.22344,1.355,0,0.00157786,0.00157786,0.00157786,0.000157786
127,8228.91,1.18787,0.68765,0.97468,0.00657,0.78997,0.6104,0.67203,0.30169,1.95842,1.22509,1.35536,0,0.00154206,0.00154206,0.00154206,0.000154206
128,8289.95,1.17551,0.67439,0.97168,0.00648,0.77714,0.62314,0.67563,0.30159,1.95736,1.22395,1.35576,0,0.0015065,0.0015065,0.0015065,0.00015065
129,8356.02,1.17854,0.67723,0.96729,0.00641,0.76987,0.6215,0.67393,0.30253,1.95944,1.22915,1.35697,0,0.0014712,0.0014712,0.0014712,0.00014712
130,8420.58,1.16455,0.66828,0.96715,0.00632,0.76917,0.62256,0.67233,0.3032,1.96027,1.2293,1.3578,0,0.00143615,0.00143615,0.00143615,0.000143615
131,8485.17,1.16595,0.67745,0.96455,0.00622,0.77846,0.6192,0.67211,0.30261,1.9583,1.22948,1.3564,0,0.00140137,0.00140137,0.00140137,0.000140137
132,8547.69,1.15269,0.66147,0.96098,0.00612,0.77577,0.62208,0.67228,0.30331,1.95938,1.2269,1.35758,0,0.00136687,0.00136687,0.00136687,0.000136687
133,8610.81,1.15792,0.66,0.96322,0.00603,0.78457,0.61859,0.67384,0.30154,1.95907,1.22424,1.35723,0,0.00133266,0.00133266,0.00133266,0.000133266
134,8673.95,1.15739,0.66636,0.96203,0.00594,0.7884,0.62102,0.67491,0.30415,1.95946,1.22538,1.35674,0,0.00129874,0.00129874,0.00129874,0.000129874
135,8739.41,1.15706,0.66437,0.9588,0.00587,0.78645,0.62162,0.67567,0.30399,1.95861,1.22794,1.3554,0,0.00126512,0.00126512,0.00126512,0.000126512
136,8802.43,1.15076,0.65887,0.96179,0.00577,0.78375,0.62314,0.677,0.30362,1.95813,1.22912,1.35582,0,0.00123182,0.00123182,0.00123182,0.000123182
137,8863.91,1.1559,0.66216,0.96696,0.00569,0.77885,0.62435,0.67591,0.30402,1.95798,1.23289,1.35509,0,0.00119883,0.00119883,0.00119883,0.000119883
138,8925.19,1.15139,0.65353,0.96121,0.0056,0.77586,0.6242,0.67657,0.3033,1.95823,1.23607,1.35441,0,0.00116617,0.00116617,0.00116617,0.000116617
139,8986.46,1.14333,0.65381,0.95763,0.00552,0.76919,0.62633,0.67479,0.30418,1.96002,1.23525,1.35562,0,0.00113384,0.00113384,0.00113384,0.000113384
140,9051.22,1.13378,0.64691,0.955,0.00543,0.7718,0.6283,0.67303,0.30358,1.95977,1.23485,1.35584,0,0.00110186,0.00110186,0.00110186,0.000110186
141,9115.08,1.1408,0.64827,0.95942,0.00536,0.77239,0.63043,0.67294,0.30272,1.96077,1.23597,1.35664,0,0.00107023,0.00107023,0.00107023,0.000107023
142,9177.44,1.11943,0.63253,0.95678,0.00526,0.76951,0.62951,0.67295,0.30286,1.96091,1.23798,1.35702,0,0.00103896,0.00103896,0.00103896,0.000103896
143,9238.65,1.1372,0.65199,0.95619,0.00518,0.77488,0.62951,0.67421,0.30307,1.95982,1.23761,1.35614,0,0.00100806,0.00100806,0.00100806,0.000100806
144,9301.1,1.12872,0.64622,0.95049,0.0051,0.77712,0.62633,0.67303,0.30184,1.95929,1.23834,1.35596,0,0.000977524,0.000977524,0.000977524,9.77524e-05
145,9363.12,1.13304,0.6441,0.95373,0.00502,0.77392,0.62739,0.67129,0.30203,1.95978,1.23859,1.35709,0,0.000947376,0.000947376,0.000947376,9.47376e-05
146,9427.9,1.11958,0.62662,0.95289,0.00496,0.77109,0.62739,0.67099,0.30167,1.96121,1.23958,1.35773,0,0.000917616,0.000917616,0.000917616,9.17616e-05
147,9490.64,1.11851,0.62902,0.95399,0.00487,0.77038,0.63057,0.6727,0.30207,1.96082,1.24135,1.35809,0,0.000888253,0.000888253,0.000888253,8.88253e-05
148,9554.14,1.1112,0.63232,0.94914,0.0048,0.77375,0.62739,0.67248,0.30144,1.96114,1.24212,1.35886,0,0.000859294,0.000859294,0.000859294,8.59294e-05
149,9615.85,1.11281,0.62273,0.95307,0.00471,0.77471,0.62787,0.67152,0.30127,1.96166,1.24346,1.35969,0,0.000830746,0.000830746,0.000830746,8.30746e-05
150,9677.51,1.11836,0.6251,0.95114,0.00465,0.77351,0.62739,0.67252,0.30118,1.96308,1.24407,1.36074,0,0.000802616,0.000802616,0.000802616,8.02616e-05
151,9739.32,1.11114,0.62,0.94842,0.00457,0.76573,0.62951,0.67176,0.30087,1.96479,1.24338,1.36273,0,0.000774911,0.000774911,0.000774911,7.74911e-05
152,9803.38,1.10883,0.61754,0.94692,0.0045,0.76478,0.63163,0.67325,0.30058,1.9652,1.24292,1.36354,0,0.000747637,0.000747637,0.000747637,7.47637e-05
153,9866.38,1.10288,0.61569,0.94891,0.00442,0.76358,0.63057,0.6738,0.30132,1.96624,1.24436,1.36461,0,0.000720803,0.000720803,0.000720803,7.20803e-05
154,9930.02,1.09715,0.61777,0.94793,0.00436,0.76742,0.63163,0.67368,0.30138,1.96648,1.24337,1.36474,0,0.000694413,0.000694413,0.000694413,6.94413e-05
155,9991.34,1.10243,0.61716,0.94762,0.00429,0.76496,0.62879,0.67285,0.30086,1.9669,1.24365,1.36542,0,0.000668475,0.000668475,0.000668475,6.68475e-05
156,10052.8,1.09793,0.61599,0.94523,0.00422,0.76744,0.62951,0.67367,0.30099,1.96748,1.24336,1.36619,0,0.000642995,0.000642995,0.000642995,6.42995e-05
157,10114.7,1.09696,0.61377,0.94309,0.00415,0.76434,0.62633,0.6719,0.30114,1.96808,1.24426,1.3669,0,0.00061798,0.00061798,0.00061798,6.1798e-05
158,10180.5,1.09505,0.60707,0.94288,0.00408,0.75737,0.62633,0.66912,0.30048,1.96938,1.2452,1.36792,0,0.000593435,0.000593435,0.000593435,5.93435e-05
159,10243.9,1.08352,0.60765,0.94227,0.00402,0.75619,0.62633,0.66975,0.30101,1.97061,1.24557,1.36913,0,0.000569366,0.000569366,0.000569366,5.69366e-05
160,10306.5,1.07901,0.60338,0.93826,0.00396,0.75413,0.6242,0.66986,0.30027,1.97121,1.24599,1.3701,0,0.00054578,0.00054578,0.00054578,5.4578e-05
161,10369,1.08938,0.60493,0.94538,0.0039,0.75243,0.62591,0.66971,0.30015,1.97274,1.24775,1.37152,0,0.000522683,0.000522683,0.000522683,5.22683e-05
162,10430.5,1.08297,0.59821,0.94069,0.00385,0.74521,0.62739,0.66858,0.30006,1.97276,1.24899,1.37152,0,0.000500079,0.000500079,0.000500079,5.00079e-05
163,10494.3,1.08306,0.59737,0.94282,0.00379,0.74979,0.62351,0.66787,0.29952,1.97254,1.25014,1.37083,0,0.000477976,0.000477976,0.000477976,4.77976e-05
164,10558.2,1.08608,0.60072,0.94415,0.00373,0.75579,0.6189,0.66711,0.30101,1.97403,1.25076,1.37205,0,0.000456377,0.000456377,0.000456377,4.56377e-05
165,10622.8,1.07672,0.59416,0.93724,0.00367,0.75725,0.61927,0.66723,0.30077,1.97386,1.25072,1.37264,0,0.000435288,0.000435288,0.000435288,4.35288e-05
166,10684.4,1.07821,0.59914,0.93932,0.00361,0.76637,0.60938,0.66759,0.30065,1.97497,1.25125,1.3736,0,0.000414716,0.000414716,0.000414716,4.14716e-05
167,10744.8,1.07878,0.59772,0.9394,0.00356,0.76898,0.60777,0.6671,0.30105,1.97726,1.25181,1.37656,0,0.000394663,0.000394663,0.000394663,3.94663e-05
168,10805.9,1.07391,0.59511,0.9382,0.00351,0.76814,0.60616,0.66748,0.30078,1.97853,1.25315,1.37756,0,0.000375137,0.000375137,0.000375137,3.75137e-05
169,10871.7,1.06803,0.58906,0.9357,0.00345,0.76893,0.60616,0.66729,0.30075,1.97876,1.25366,1.37751,0,0.000356141,0.000356141,0.000356141,3.56141e-05
170,10933.4,1.06954,0.58616,0.93666,0.00342,0.76668,0.60697,0.66748,0.30065,1.9805,1.25388,1.37932,0,0.00033768,0.00033768,0.00033768,3.3768e-05
171,10997.4,1.06545,0.58773,0.93411,0.00336,0.7637,0.60616,0.667,0.3002,1.98079,1.25518,1.37989,0,0.000319759,0.000319759,0.000319759,3.19759e-05
172,11059.1,1.06666,0.58665,0.93453,0.00332,0.76259,0.60616,0.66741,0.3006,1.98157,1.25592,1.38069,0,0.000302382,0.000302382,0.000302382,3.02382e-05
173,11121.7,1.07158,0.59062,0.9367,0.00328,0.76746,0.6051,0.66772,0.30054,1.98131,1.25853,1.38069,0,0.000285553,0.000285553,0.000285553,2.85553e-05
174,11185,1.06155,0.59204,0.93537,0.00324,0.76992,0.6051,0.66669,0.29995,1.98208,1.25804,1.38153,0,0.000269277,0.000269277,0.000269277,2.69277e-05
175,11250.2,1.06506,0.58126,0.93978,0.00318,0.77125,0.60297,0.66733,0.29935,1.98355,1.25936,1.38225,0,0.000253557,0.000253557,0.000253557,2.53557e-05
176,11313.4,1.06255,0.57655,0.93387,0.00314,0.76919,0.60297,0.6665,0.29947,1.98387,1.26037,1.38265,0,0.000238398,0.000238398,0.000238398,2.38398e-05
177,11376,1.06662,0.58131,0.93514,0.00311,0.77147,0.60204,0.66615,0.29952,1.98486,1.26149,1.38373,0,0.000223803,0.000223803,0.000223803,2.23803e-05
178,11439.5,1.05662,0.57997,0.93686,0.00307,0.77354,0.60085,0.66647,0.29895,1.98556,1.26239,1.38438,0,0.000209776,0.000209776,0.000209776,2.09776e-05
179,11502.9,1.04933,0.57655,0.93059,0.00304,0.77578,0.60191,0.66669,0.29909,1.9847,1.26127,1.38442,0,0.00019632,0.00019632,0.00019632,1.9632e-05
180,11568.6,1.05405,0.57732,0.93631,0.003,0.77766,0.60523,0.66717,0.299,1.9844,1.26164,1.38426,0,0.000183439,0.000183439,0.000183439,1.83439e-05
181,11634.5,1.05303,0.58223,0.93522,0.00297,0.78282,0.60076,0.66695,0.29948,1.98485,1.26241,1.38499,0,0.000171135,0.000171135,0.000171135,1.71135e-05
182,11696,1.05129,0.57538,0.93317,0.00294,0.76359,0.6051,0.66504,0.29977,1.98614,1.26262,1.38613,0,0.000159412,0.000159412,0.000159412,1.59412e-05
183,11756.6,1.05658,0.57607,0.93464,0.00291,0.77873,0.59776,0.66427,0.29905,1.98754,1.26435,1.38736,0,0.000148273,0.000148273,0.000148273,1.48273e-05
184,11817.7,1.04325,0.57196,0.93305,0.00288,0.77846,0.59684,0.66465,0.29851,1.98815,1.26545,1.38808,0,0.00013772,0.00013772,0.00013772,1.3772e-05
185,11881,1.05669,0.57408,0.93691,0.00286,0.77783,0.59467,0.66396,0.29882,1.98819,1.266,1.38851,0,0.000127757,0.000127757,0.000127757,1.27757e-05
186,11944.9,1.05253,0.58175,0.9314,0.00283,0.78143,0.59207,0.6621,0.29846,1.9884,1.26682,1.38877,0,0.000118384,0.000118384,0.000118384,1.18384e-05
187,12008.9,1.05424,0.57481,0.93845,0.0028,0.78214,0.59236,0.66401,0.29845,1.98858,1.26507,1.38895,0,0.000109606,0.000109606,0.000109606,1.09606e-05
188,12071.5,1.05022,0.57137,0.92888,0.00278,0.77935,0.59448,0.66222,0.29798,1.98923,1.26622,1.38962,0,0.000101424,0.000101424,0.000101424,1.01424e-05
189,12135.3,1.04156,0.57079,0.93184,0.00276,0.78041,0.59609,0.6639,0.29753,1.98891,1.26746,1.39,0,9.38391e-05,9.38391e-05,9.38391e-05,9.38391e-06
190,12197.1,1.05258,0.5724,0.9306,0.00274,0.77859,0.59728,0.66449,0.29727,1.98863,1.26731,1.38936,0,8.68544e-05,8.68544e-05,8.68544e-05,8.68544e-06
191,12261.8,1.09357,0.58797,0.97674,0.00271,0.77958,0.59766,0.6645,0.29741,1.98895,1.26752,1.3901,0,8.04714e-05,8.04714e-05,8.04714e-05,8.04714e-06
192,12324.6,1.05266,0.56806,0.96378,0.0027,0.78376,0.59637,0.66579,0.29742,1.98804,1.26767,1.39001,0,7.46914e-05,7.46914e-05,7.46914e-05,7.46914e-06
193,12384.6,1.02496,0.54431,0.95147,0.00269,0.78932,0.58862,0.66659,0.29635,1.98836,1.26828,1.39049,0,6.95161e-05,6.95161e-05,6.95161e-05,6.95161e-06
194,12444.1,1.02732,0.54711,0.95668,0.00268,0.73993,0.6252,0.6671,0.29659,1.98875,1.27059,1.39121,0,6.49466e-05,6.49466e-05,6.49466e-05,6.49466e-06
195,12504,1.01925,0.54059,0.9491,0.00266,0.79306,0.5913,0.66875,0.296,1.98898,1.27175,1.39157,0,6.09841e-05,6.09841e-05,6.09841e-05,6.09841e-06
196,12564.6,1.01487,0.53733,0.95369,0.00265,0.79309,0.58594,0.66649,0.29508,1.98947,1.27164,1.39264,0,5.76296e-05,5.76296e-05,5.76296e-05,5.76296e-06
197,12624.8,1.01662,0.53247,0.9538,0.00265,0.83365,0.56391,0.6655,0.29505,1.98852,1.2724,1.39258,0,5.48838e-05,5.48838e-05,5.48838e-05,5.48838e-06
198,12689.5,1.01185,0.53523,0.95119,0.00264,0.83534,0.56369,0.66579,0.29406,1.98929,1.27229,1.39452,0,5.27476e-05,5.27476e-05,5.27476e-05,5.27476e-06
199,12750,1.01235,0.53402,0.95156,0.00263,0.83416,0.56369,0.66458,0.29419,1.99022,1.27279,1.39543,0,5.12213e-05,5.12213e-05,5.12213e-05,5.12213e-06
200,12809.9,1.01632,0.53556,0.95407,0.00264,0.7391,0.62251,0.66459,0.29299,1.99038,1.27289,1.39607,0,5.03053e-05,5.03053e-05,5.03053e-05,5.03053e-06
