                  epoch,         train/box_loss,         train/cls_loss,         train/dfl_loss,   metrics/precision(B),      metrics/recall(B),       metrics/mAP50(B),    metrics/mAP50-95(B),           val/box_loss,           val/cls_loss,           val/dfl_loss,                 lr/pg0,                 lr/pg1,                 lr/pg2
                      1,                 5.2695,                 8.4137,                 4.1885,                      0,                      0,                      0,                      0,                 5.3043,                 4.5335,                 4.0705,                0.08765,                0.00065,                0.00065
                      2,                 5.1987,                 4.9563,                 3.9114,                      0,                      0,                      0,                      0,                 4.9218,                 4.1991,                 3.6524,                0.07435,              0.0013499,              0.0013499
                      3,                 4.6582,                 4.2826,                 3.4304,                      0,                      0,                      0,                      0,                 4.5964,                 4.0073,                 3.3729,               0.061049,              0.0020495,              0.0020495
                      4,                 4.1012,                 3.9325,                 3.1562,                      0,                      0,                      0,                      0,                 4.4963,                 4.2057,                 3.2858,               0.047748,              0.0027485,              0.0027485
                      5,                 3.8663,                 3.7828,                 2.9425,                      0,                      0,                      0,                      0,                 4.4645,                 4.3336,                 3.2525,               0.034447,              0.0034466,              0.0034466
                      6,                 3.7794,                 3.6795,                 2.8467,                      0,                      0,                      0,                      0,                 4.4595,                 4.4512,                 3.2399,               0.021144,              0.0041437,              0.0041437
                      7,                 3.7007,                  3.585,                 2.7168,                      0,                      0,                      0,                      0,                 4.2587,                 4.3216,                 3.1346,              0.0078393,              0.0048393,              0.0048393
                      8,                 3.5687,                 3.5285,                 2.6271,                0.00273,                 0.1694,                0.00241,                 0.0007,                 3.6046,                 3.7875,                  2.861,              0.0049851,              0.0049851,              0.0049851
                      9,                 3.5046,                 3.4522,                 2.5351,                0.00184,                0.39891,                0.00562,                 0.0011,                 3.4469,                 3.6909,                 2.6962,              0.0049851,              0.0049851,              0.0049851
                     10,                 3.4339,                 3.3159,                   2.56,                0.01739,                0.08743,                0.00627,                0.00158,                 3.3689,                 5.4284,                  2.741,              0.0049805,              0.0049805,              0.0049805
                     11,                 3.4046,                 3.3702,                 2.5517,                0.02068,                0.11475,                0.00977,                 0.0019,                 3.4418,                 4.1356,                 2.6661,              0.0049753,              0.0049753,              0.0049753
                     12,                 3.2917,                 3.3461,                 2.4475,                0.13132,                0.07104,                0.03773,                0.01164,                 3.2327,                 3.7239,                 2.5516,              0.0049695,              0.0049695,              0.0049695
                     13,                 3.2725,                 3.2658,                 2.4061,                0.03303,                0.03825,                0.00536,                0.00109,                 3.7827,                 4.1196,                 2.8506,              0.0049631,              0.0049631,              0.0049631
                     14,                 3.1275,                 3.2153,                 2.3687,                 0.0069,                0.11475,                0.00307,                0.00094,                 3.1748,                 22.492,                 2.5061,              0.0049562,              0.0049562,              0.0049562
                     15,                 3.1335,                 3.1109,                 2.2758,                0.02027,                 0.0929,                 0.0061,                0.00176,                 3.1709,                 9.6455,                 2.7279,              0.0049486,              0.0049486,              0.0049486
                     16,                 3.1678,                 3.0807,                 2.2418,                0.12563,                0.12568,                0.06009,                0.02214,                 3.1056,                 3.5658,                 2.4145,              0.0049404,              0.0049404,              0.0049404
                     17,                 3.0407,                 3.0293,                 2.1761,                0.11253,                0.08197,                0.02476,                0.00621,                  3.303,                 5.2584,                 2.5464,              0.0049316,              0.0049316,              0.0049316
                     18,                 2.9972,                  2.936,                 2.1599,                0.12772,                0.11763,                 0.0624,                0.02327,                 2.9406,                 3.1931,                 2.3002,              0.0049222,              0.0049222,              0.0049222
                     19,                 2.9661,                 2.9269,                 2.0951,                0.01858,                0.03825,                0.00516,                0.00173,                 2.9691,                 12.257,                 2.3124,              0.0049123,              0.0049123,              0.0049123
                     20,                 2.8861,                 2.8019,                 2.1051,                0.26132,                 0.0929,                0.06853,                0.01796,                 3.0259,                 3.7124,                 2.3337,              0.0049017,              0.0049017,              0.0049017
                     21,                 2.8858,                  2.742,                 2.0327,                0.06056,                0.11475,                0.02427,                0.00655,                 2.8524,                 3.8831,                 2.2307,              0.0048906,              0.0048906,              0.0048906
                     22,                 2.8189,                  2.732,                 2.0228,                0.03881,                0.06557,                0.01082,                0.00268,                 3.1024,                 4.0246,                 2.4822,              0.0048789,              0.0048789,              0.0048789
                     23,                  2.789,                 2.7057,                 2.0725,                0.05913,                0.13115,                0.02382,                0.00691,                 2.8713,                 3.3691,                 2.1658,              0.0048666,              0.0048666,              0.0048666
                     24,                 2.7761,                 2.6235,                 1.9936,                0.13381,                0.13661,                0.05536,                0.01863,                 2.7266,                 2.9951,                 2.1134,              0.0048537,              0.0048537,              0.0048537
                     25,                 2.7677,                  2.642,                 2.0041,                0.35705,                0.15174,                0.12919,                0.04548,                 2.9994,                 3.0081,                 2.3207,              0.0048402,              0.0048402,              0.0048402
                     26,                 2.7301,                  2.599,                 2.0347,                0.26225,                0.10383,                0.09129,                0.03059,                 2.9974,                 3.2946,                 2.3068,              0.0048262,              0.0048262,              0.0048262
                     27,                 2.6465,                 2.5662,                  1.937,                0.14019,                0.14754,                0.07292,                0.02396,                 2.9574,                 3.6421,                 2.3243,              0.0048116,              0.0048116,              0.0048116
                     28,                 2.6286,                 2.5125,                 1.9225,                0.23417,                0.22892,                0.15679,                0.04505,                 2.6314,                 3.0609,                 2.1108,              0.0047964,              0.0047964,              0.0047964
                     29,                 2.6193,                  2.483,                 1.8941,                0.28155,                 0.1694,                0.13926,                0.04406,                 2.8407,                  2.854,                 2.1974,              0.0047807,              0.0047807,              0.0047807
                     30,                 2.6404,                  2.418,                 1.9106,                0.42944,                0.21388,                 0.1796,                0.06588,                 2.6535,                 2.8275,                 2.0834,              0.0047644,              0.0047644,              0.0047644
                     31,                 2.5876,                 2.3743,                 1.8911,                0.02974,                0.09836,                 0.0142,                0.00441,                 2.9058,                 8.4239,                 2.2122,              0.0047476,              0.0047476,              0.0047476
                     32,                 2.5746,                  2.442,                 1.8811,                0.04982,                0.18033,                0.02408,                0.00874,                 2.5943,                 7.9294,                 2.0871,              0.0047302,              0.0047302,              0.0047302
                     33,                 2.5578,                 2.3623,                 1.8538,                 0.4226,                 0.1694,                0.16772,                0.06545,                  2.765,                 2.8454,                 2.1456,              0.0047123,              0.0047123,              0.0047123
                     34,                 2.5173,                 2.3666,                 1.8711,                0.25789,                0.18579,                0.15084,                0.05321,                 2.8745,                  2.674,                 2.1873,              0.0046939,              0.0046939,              0.0046939
                     35,                 2.5371,                 2.2957,                  1.836,                0.28164,                0.17486,                0.15465,                0.05108,                 2.7267,                 2.6749,                 2.1353,              0.0046749,              0.0046749,              0.0046749
                     36,                 2.4766,                  2.234,                 1.8093,                0.42245,                0.21858,                0.21968,                0.07871,                 2.6817,                 2.5364,                 2.0471,              0.0046553,              0.0046553,              0.0046553
                     37,                  2.512,                 2.3177,                 1.8054,                0.43881,                0.23497,                0.21985,                0.07305,                 2.7098,                 2.4153,                 2.1011,              0.0046353,              0.0046353,              0.0046353
                     38,                 2.4906,                 2.2945,                 1.8263,                0.35681,                0.21221,                0.19398,                0.07119,                 2.6798,                 2.5719,                 2.0874,              0.0046147,              0.0046147,              0.0046147
                     39,                 2.5006,                 2.2574,                 1.8033,                0.34323,                0.19672,                0.19078,                 0.0645,                 2.7763,                 2.5284,                 2.1389,              0.0045936,              0.0045936,              0.0045936
                     40,                 2.3923,                 2.2023,                 1.7431,                0.44552,                0.22393,                0.17802,                0.05753,                 2.6699,                 2.7576,                 2.0558,               0.004572,               0.004572,               0.004572
                     41,                 2.4323,                 2.2274,                 1.7707,                0.23009,                0.17486,                0.09187,                 0.0309,                 2.6871,                 3.0934,                 2.1017,              0.0045499,              0.0045499,              0.0045499
                     42,                 2.4545,                 2.2641,                 1.7688,                0.27775,                0.16393,                0.15082,                0.05771,                 2.7155,                 2.8475,                 2.0589,              0.0045273,              0.0045273,              0.0045273
                     43,                 2.3597,                 2.1063,                 1.7294,                0.40975,                0.22951,                0.21729,                0.07791,                 2.5066,                 2.3587,                 1.9564,              0.0045042,              0.0045042,              0.0045042
                     44,                  2.396,                 2.1485,                 1.7382,                0.36204,                 0.2459,                0.24387,                0.08869,                 2.6946,                  2.572,                 2.1014,              0.0044806,              0.0044806,              0.0044806
                     45,                 2.3679,                 2.1156,                 1.7416,                0.73383,                0.24044,                0.31804,                0.10403,                 2.6479,                 2.2675,                 2.0449,              0.0044566,              0.0044566,              0.0044566
                     46,                 2.4269,                 2.2136,                 1.7787,                 0.4847,                0.27322,                0.29924,                0.11651,                 2.6894,                 2.2472,                 2.1233,               0.004432,               0.004432,               0.004432
                     47,                 2.3337,                 2.1109,                 1.7324,                0.60634,                0.25683,                0.29088,                0.11101,                 2.4758,                 2.4675,                  1.995,               0.004407,               0.004407,               0.004407
                     48,                 2.3173,                 2.0202,                 1.6786,                0.51057,                0.26776,                0.28315,                0.09534,                 2.6517,                  2.384,                 2.1234,              0.0043815,              0.0043815,              0.0043815
                     49,                 2.3269,                 2.0689,                 1.6973,                0.25658,                0.20765,                0.16753,                0.05905,                 2.7418,                 2.6881,                 2.1371,              0.0043556,              0.0043556,              0.0043556
                     50,                   2.25,                 1.9761,                 1.6803,                0.13081,                0.11475,                0.04709,                0.01114,                  3.244,                 3.2474,                 2.4611,              0.0043292,              0.0043292,              0.0043292
                     51,                 2.2829,                 2.0061,                 1.6993,                0.36435,                0.19734,                0.17899,                0.06525,                 2.7436,                  2.514,                 2.1093,              0.0043024,              0.0043024,              0.0043024
                     52,                 2.2265,                 1.9968,                 1.6994,                0.43853,                0.26463,                0.22882,                0.08455,                 2.5781,                 2.3779,                 2.0243,              0.0042751,              0.0042751,              0.0042751
                     53,                 2.3184,                 2.0044,                 1.7001,                0.43902,                0.21858,                0.22209,                 0.0776,                 2.5202,                 2.3865,                 1.9714,              0.0042474,              0.0042474,              0.0042474
                     54,                 2.2432,                  1.919,                 1.6634,                0.19183,                0.25683,                0.10945,                0.03554,                 2.6403,                 4.1869,                 2.0994,              0.0042193,              0.0042193,              0.0042193
                     55,                 2.2321,                 2.0009,                 1.6741,                0.44457,                0.25683,                0.25463,                0.09034,                 2.6728,                 2.2814,                 2.0601,              0.0041907,              0.0041907,              0.0041907
                     56,                 2.2869,                 1.9882,                 1.6681,                0.33633,                0.20219,                0.16565,                0.06229,                 2.8811,                 2.5977,                 2.1722,              0.0041617,              0.0041617,              0.0041617
                     57,                 2.2799,                 1.9669,                 1.6573,                0.37308,                0.31694,                0.26005,                0.09704,                 2.4768,                 2.2979,                 1.9663,              0.0041324,              0.0041324,              0.0041324
                     58,                 2.1891,                 1.8717,                 1.5878,                0.54129,                0.27322,                0.27533,                0.09599,                 2.6679,                 2.3173,                 2.0805,              0.0041026,              0.0041026,              0.0041026
                     59,                 2.1928,                 1.9283,                 1.6397,                0.46683,                0.32057,                0.33704,                0.11811,                 2.4634,                 2.1096,                 2.0111,              0.0040725,              0.0040725,              0.0040725
                     60,                 2.2313,                 1.9342,                 1.6625,                0.49021,                0.30055,                0.30574,                0.10935,                 2.5009,                 2.0772,                 1.9965,              0.0040419,              0.0040419,              0.0040419
                     61,                  2.164,                 1.8191,                 1.5989,                0.32645,                0.27869,                0.25046,                0.09331,                  2.682,                 2.2581,                 2.1714,               0.004011,               0.004011,               0.004011
                     62,                 2.1907,                 1.8454,                 1.6279,                0.46433,                 0.3224,                0.32146,                0.11627,                 2.5668,                 2.1772,                 2.0645,              0.0039798,              0.0039798,              0.0039798
                     63,                 2.1776,                 1.8662,                  1.621,                0.40277,                0.27641,                0.19391,                0.06772,                 2.6665,                 2.4999,                 2.0788,              0.0039481,              0.0039481,              0.0039481
                     64,                 2.1918,                 1.8874,                 1.6354,                0.43079,                0.19126,                0.19512,                0.06864,                 2.8831,                 2.6958,                 2.1749,              0.0039162,              0.0039162,              0.0039162
                     65,                 2.1382,                 1.8506,                 1.6158,                0.50025,                0.21858,                 0.2394,                0.08162,                 2.7631,                 2.6568,                 2.0823,              0.0038838,              0.0038838,              0.0038838
                     66,                 2.1237,                 1.8149,                 1.6133,                0.62903,                0.23497,                0.26435,                0.09659,                 2.6934,                 2.6267,                 2.0728,              0.0038512,              0.0038512,              0.0038512
                     67,                 2.1395,                 1.7932,                 1.6185,                 0.5322,                0.31694,                0.33184,                0.12615,                 2.6432,                 2.1492,                 2.0411,              0.0038182,              0.0038182,              0.0038182
                     68,                 2.1118,                 1.7378,                 1.5786,                0.53877,                0.34469,                 0.3246,                0.11587,                 2.5036,                   2.07,                 1.9707,              0.0037849,              0.0037849,              0.0037849
                     69,                 2.1214,                 1.7642,                 1.5649,                0.41903,                0.33333,                0.27994,                0.09607,                 2.5532,                 2.1914,                 1.9824,              0.0037513,              0.0037513,              0.0037513
                     70,                 2.0929,                 1.7231,                 1.5607,                0.48183,                0.25916,                0.22823,                0.08405,                 2.6264,                 2.4029,                 2.0146,              0.0037173,              0.0037173,              0.0037173
                     71,                 2.1013,                 1.7033,                 1.5549,                0.33058,                0.29508,                0.21416,                0.08279,                 2.4792,                 2.2983,                 1.9939,              0.0036831,              0.0036831,              0.0036831
                     72,                 2.0713,                 1.7056,                 1.5518,                0.51439,                 0.3531,                0.34405,                0.12272,                 2.4603,                 2.0488,                 1.9374,              0.0036486,              0.0036486,              0.0036486
                     73,                 2.0468,                 1.6934,                 1.5548,                0.55388,                0.36066,                0.37899,                0.13851,                 2.4532,                 2.0514,                 1.9277,              0.0036138,              0.0036138,              0.0036138
                     74,                 2.0226,                 1.6608,                  1.555,                 0.5359,                0.34973,                 0.3452,                0.12158,                 2.6045,                 2.2757,                 2.0528,              0.0035788,              0.0035788,              0.0035788
                     75,                 2.0211,                 1.7022,                 1.5062,                0.31939,                0.25683,                0.19731,                0.06854,                 2.7972,                  2.547,                 2.1769,              0.0035435,              0.0035435,              0.0035435
                     76,                 2.0068,                 1.6635,                 1.5227,                0.52043,                0.25683,                0.25144,                0.07945,                 2.7435,                 2.5585,                 2.1541,              0.0035079,              0.0035079,              0.0035079
                     77,                  1.989,                 1.6516,                 1.5432,                 0.2495,                0.22404,                0.13853,                0.04783,                 3.0108,                 2.7337,                 2.3562,              0.0034721,              0.0034721,              0.0034721
                     78,                 2.0279,                 1.6708,                 1.5521,                0.43038,                0.40437,                  0.336,                0.11939,                 2.5302,                 2.1731,                 2.0147,              0.0034361,              0.0034361,              0.0034361
                     79,                 1.9742,                 1.6537,                 1.5152,                0.55957,                0.28415,                0.29762,                0.10088,                 2.5881,                 2.4288,                 2.0336,              0.0033999,              0.0033999,              0.0033999
                     80,                 2.0049,                 1.6343,                 1.5214,                0.45938,                0.30183,                0.32445,                0.10387,                 2.5819,                  2.282,                 2.0381,              0.0033634,              0.0033634,              0.0033634
                     81,                 1.9885,                 1.6283,                 1.5184,                0.55719,                0.40569,                0.39506,                0.14115,                 2.5821,                 2.1038,                 2.0785,              0.0033267,              0.0033267,              0.0033267
                     82,                 2.0039,                 1.6205,                 1.5369,                0.52249,                0.34973,                0.32412,                0.11952,                 2.6829,                 2.2167,                 2.0665,              0.0032898,              0.0032898,              0.0032898
                     83,                  1.929,                 1.5914,                 1.4801,                0.50042,                0.31148,                 0.3358,                0.11918,                 2.6381,                  2.216,                 2.0546,              0.0032527,              0.0032527,              0.0032527
                     84,                 2.0584,                 1.6152,                 1.5577,                0.46618,                0.36066,                0.34458,                0.12832,                 2.4853,                 2.0081,                 1.9869,              0.0032155,              0.0032155,              0.0032155
                     85,                 1.9497,                 1.5555,                 1.4822,                0.45784,                0.35519,                0.33932,                0.12477,                 2.4447,                 2.0159,                 1.9399,              0.0031781,              0.0031781,              0.0031781
                     86,                  1.987,                 1.5758,                 1.4964,                0.46817,                 0.3388,                 0.3512,                0.12711,                 2.5612,                 1.9957,                 2.0471,              0.0031405,              0.0031405,              0.0031405
                     87,                 1.9411,                 1.5529,                 1.4935,                0.60523,                0.31836,                0.35852,                0.12674,                 2.5575,                 1.9866,                 2.0626,              0.0031028,              0.0031028,              0.0031028
                     88,                 1.9155,                 1.5738,                 1.5068,                0.51991,                0.34324,                 0.3214,                0.10999,                 2.5827,                 2.0102,                  2.035,              0.0030649,              0.0030649,              0.0030649
                     89,                 1.9019,                 1.5538,                 1.4708,                0.45437,                 0.3388,                0.33564,                0.11532,                 2.5747,                 1.9867,                 2.0121,              0.0030269,              0.0030269,              0.0030269
                     90,                 1.8939,                 1.4929,                 1.4571,                0.56003,                 0.3388,                0.37589,                0.12567,                 2.5568,                 1.9986,                 2.0682,              0.0029888,              0.0029888,              0.0029888
                     91,                 1.9738,                 1.5641,                 1.5165,                0.61385,                0.29508,                0.35341,                0.12431,                 2.6147,                 2.0193,                   2.06,              0.0029505,              0.0029505,              0.0029505
                     92,                 1.9099,                 1.5075,                 1.4702,                0.70299,                0.31694,                0.37305,                0.13088,                 2.6631,                 2.0422,                 2.0961,              0.0029122,              0.0029122,              0.0029122
                     93,                 1.8889,                  1.539,                 1.4756,                0.52164,                0.31694,                0.33837,                0.10743,                 2.6479,                 2.2238,                 2.0835,              0.0028737,              0.0028737,              0.0028737
                     94,                 1.8798,                 1.4658,                  1.445,                0.54948,                0.33333,                 0.3752,                 0.1276,                 2.5895,                 1.9803,                 2.0728,              0.0028352,              0.0028352,              0.0028352
                     95,                 1.9408,                 1.5001,                  1.458,                0.63018,                0.33333,                0.37111,                0.12112,                 2.5555,                 2.0352,                 2.0324,              0.0027966,              0.0027966,              0.0027966
                     96,                 1.9102,                 1.5337,                 1.4843,                0.57456,                0.35519,                0.34311,                0.11807,                 2.4185,                 2.2244,                 1.9617,              0.0027579,              0.0027579,              0.0027579
                     97,                  1.867,                 1.4819,                 1.4495,                0.51947,                0.32787,                0.33954,                0.11928,                 2.4801,                 2.1919,                 1.9423,              0.0027192,              0.0027192,              0.0027192
                     98,                 1.8227,                 1.4245,                 1.4068,                 0.6211,                0.32247,                0.37342,                0.13201,                 2.5508,                    2.1,                 2.0013,              0.0026804,              0.0026804,              0.0026804
                     99,                 1.8373,                 1.4239,                 1.4071,                0.50571,                0.32427,                0.35509,                0.13411,                 2.5793,                 2.1768,                 2.0011,              0.0026416,              0.0026416,              0.0026416
                    100,                 1.8729,                 1.4704,                 1.4347,                0.54661,                0.32787,                0.33957,                0.13179,                 2.5501,                 2.1081,                 2.0013,              0.0026027,              0.0026027,              0.0026027
                    101,                 1.8212,                 1.4132,                 1.4131,                0.59836,                0.34426,                0.38177,                0.14734,                 2.4941,                 2.0064,                 1.9863,              0.0025639,              0.0025639,              0.0025639
                    102,                 1.8551,                 1.4446,                 1.4001,                0.30281,                0.28962,                0.22362,                 0.0772,                  2.663,                 2.6349,                 2.1163,               0.002525,               0.002525,               0.002525
                    103,                  1.886,                 1.4305,                 1.4431,                0.59818,                0.37705,                0.38077,                0.14469,                 2.3937,                  1.988,                 1.9497,              0.0024861,              0.0024861,              0.0024861
                    104,                 1.7961,                 1.4133,                 1.4144,                0.40642,                0.23198,                0.19795,                0.06882,                 2.6693,                 2.6354,                 2.1621,              0.0024473,              0.0024473,              0.0024473
                    105,                  1.856,                 1.4642,                 1.4375,                0.48138,                0.35519,                0.32694,                0.11016,                 2.4572,                 2.1975,                 2.0253,              0.0024084,              0.0024084,              0.0024084
                    106,                 1.7771,                 1.3691,                 1.3958,                0.54928,                0.39956,                0.35131,                0.11759,                 2.4442,                  2.041,                 1.9519,              0.0023696,              0.0023696,              0.0023696
                    107,                 1.8252,                 1.3719,                 1.4046,                0.48004,                0.35519,                0.32505,                0.10638,                 2.5386,                 2.1813,                 2.0795,              0.0023308,              0.0023308,              0.0023308
                    108,                 1.8245,                 1.3894,                 1.4234,                0.55966,                0.36811,                0.36532,                0.12702,                 2.4359,                 2.0807,                 1.9847,              0.0022921,              0.0022921,              0.0022921
                    109,                 1.7918,                 1.3595,                 1.4009,                0.63958,                0.31694,                0.35081,                0.13249,                 2.5635,                 2.1086,                 2.0414,              0.0022534,              0.0022534,              0.0022534
                    110,                 1.8212,                 1.3838,                 1.4205,                0.53653,                0.27203,                0.27568,                0.09212,                 2.7388,                 2.4137,                 2.0898,              0.0022148,              0.0022148,              0.0022148
                    111,                 1.8103,                 1.3307,                 1.3973,                0.62633,                0.32059,                 0.3566,                0.12974,                 2.4706,                  2.048,                 1.9728,              0.0021763,              0.0021763,              0.0021763
                    112,                 1.7675,                 1.3474,                 1.3833,                0.56161,                 0.3388,                0.34856,                0.12486,                 2.5069,                 2.0047,                  2.012,              0.0021378,              0.0021378,              0.0021378
                    113,                 1.7868,                  1.324,                 1.3981,                0.49881,                0.39891,                0.34784,                0.11998,                 2.5239,                 2.0647,                 2.0167,              0.0020995,              0.0020995,              0.0020995
                    114,                 1.7436,                 1.3006,                 1.3456,                0.48645,                0.35716,                0.32289,                0.11295,                 2.5474,                 2.0888,                 2.0161,              0.0020612,              0.0020612,              0.0020612
                    115,                 1.7234,                 1.2707,                 1.3606,                0.57938,                 0.4153,                0.40398,                0.14118,                  2.524,                  1.955,                 2.0333,              0.0020231,              0.0020231,              0.0020231
                    116,                 1.7608,                 1.3051,                 1.3711,                  0.519,                0.42077,                0.39989,                0.13723,                 2.5497,                 2.0424,                 2.0311,              0.0019851,              0.0019851,              0.0019851
                    117,                 1.7549,                 1.2851,                 1.3974,                0.57232,                0.37158,                 0.4029,                0.13553,                 2.5719,                  1.985,                  2.034,              0.0019472,              0.0019472,              0.0019472
                    118,                 1.7121,                 1.2877,                 1.3478,                0.54583,                0.36612,                0.37685,                0.13089,                 2.5598,                 2.0688,                 2.0061,              0.0019095,              0.0019095,              0.0019095
                    119,                 1.7399,                 1.2962,                 1.3586,                0.42726,                 0.3995,                0.32453,                0.11647,                 2.5835,                 2.1172,                  2.091,              0.0018719,              0.0018719,              0.0018719
                    120,                 1.7042,                 1.2667,                 1.3565,                0.51565,                0.38798,                0.38713,                0.13417,                 2.5241,                      2,                 2.0138,              0.0018345,              0.0018345,              0.0018345
                    121,                 1.7146,                 1.2662,                 1.3591,                0.45088,                0.32755,                0.28437,                0.10491,                 2.5172,                 2.2472,                 2.0164,              0.0017973,              0.0017973,              0.0017973
                    122,                 1.7404,                 1.2695,                  1.372,                0.55729,                0.37705,                0.39411,                0.14093,                 2.4518,                 1.9975,                 1.9716,              0.0017602,              0.0017602,              0.0017602
                    123,                 1.7244,                 1.2596,                 1.3675,                 0.6308,                0.33333,                0.36218,                0.13307,                 2.5547,                 1.9817,                 2.0552,              0.0017233,              0.0017233,              0.0017233
                    124,                 1.6781,                 1.2363,                 1.3533,                0.48946,                0.40864,                0.38117,                0.13137,                 2.6441,                 2.0846,                 2.1239,              0.0016866,              0.0016866,              0.0016866
                    125,                 1.6717,                 1.2752,                 1.3371,                 0.5337,                0.42077,                0.39282,                0.13917,                 2.4707,                 1.9483,                 1.9849,              0.0016501,              0.0016501,              0.0016501
                    126,                 1.6873,                 1.2455,                 1.3401,                0.54045,                 0.4153,                0.40925,                0.14402,                 2.4902,                 1.9772,                 2.0038,              0.0016139,              0.0016139,              0.0016139
                    127,                 1.6553,                 1.2266,                 1.3343,                0.58685,                0.36612,                0.39054,                0.13999,                 2.4904,                 2.0434,                 2.0451,              0.0015779,              0.0015779,              0.0015779
                    128,                 1.6633,                 1.2012,                 1.3103,                0.48558,                0.31466,                0.31497,                0.11241,                 2.6111,                 2.3367,                 2.0923,              0.0015421,              0.0015421,              0.0015421
                    129,                  1.668,                 1.2551,                 1.3412,                0.43382,                0.39891,                0.33765,                0.12445,                 2.4256,                 2.0724,                 1.9945,              0.0015065,              0.0015065,              0.0015065
                    130,                 1.6262,                 1.2287,                 1.2948,                0.36819,                0.36612,                0.32686,                0.12122,                 2.5327,                 2.2402,                 2.0447,              0.0014712,              0.0014712,              0.0014712
                    131,                 1.6079,                 1.2044,                 1.3201,                0.58319,                0.35171,                0.39055,                0.13605,                 2.4631,                 1.9972,                 2.0143,              0.0014362,              0.0014362,              0.0014362
                    132,                 1.6596,                 1.2634,                 1.3448,                0.51145,                0.40437,                0.36124,                0.13001,                 2.4375,                 2.0608,                 2.0058,              0.0014014,              0.0014014,              0.0014014
                    133,                 1.6353,                 1.1823,                 1.2727,                0.51964,                0.45355,                0.40811,                0.14528,                 2.5769,                 1.9898,                  2.056,              0.0013669,              0.0013669,              0.0013669
                    134,                 1.6319,                 1.1443,                 1.2927,                0.58858,                0.39891,                0.41912,                0.14146,                 2.6039,                 2.0228,                 2.0655,              0.0013327,              0.0013327,              0.0013327
                    135,                 1.6407,                 1.2062,                 1.3377,                0.60216,                0.37705,                0.39226,                0.13215,                 2.5916,                 2.0471,                  2.064,              0.0012987,              0.0012987,              0.0012987
                    136,                 1.6088,                 1.1458,                 1.2751,                0.56054,                0.37158,                0.38992,                0.13996,                 2.6054,                 2.0083,                 2.1166,              0.0012651,              0.0012651,              0.0012651
                    137,                 1.6045,                 1.1375,                 1.3066,                0.51455,                0.39891,                0.39918,                0.13597,                 2.5564,                  1.945,                 2.0796,              0.0012318,              0.0012318,              0.0012318
                    138,                 1.6025,                  1.155,                 1.2924,                0.67158,                0.33333,                0.41328,                0.14427,                 2.5537,                 1.9436,                  2.055,              0.0011988,              0.0011988,              0.0011988
                    139,                 1.6191,                 1.1707,                 1.3019,                0.55738,                0.40984,                0.42388,                0.14934,                 2.5338,                 1.9831,                 2.0271,              0.0011662,              0.0011662,              0.0011662
                    140,                 1.5898,                  1.132,                  1.304,                0.57585,                0.40437,                0.41377,                0.13884,                 2.6174,                 1.9862,                 2.1207,              0.0011338,              0.0011338,              0.0011338
                    141,                  1.593,                 1.1482,                 1.2896,                0.58209,                0.37158,                0.40007,                0.13396,                 2.5993,                 1.9678,                 2.0971,              0.0011019,              0.0011019,              0.0011019
                    142,                 1.5707,                 1.1025,                 1.2907,                0.52984,                0.42492,                0.40524,                0.12814,                  2.561,                 1.9439,                 2.0927,              0.0010702,              0.0010702,              0.0010702
                    143,                 1.6051,                 1.1515,                 1.2857,                0.48803,                0.39891,                0.36961,                0.12854,                 2.5909,                 2.0153,                 2.0791,               0.001039,               0.001039,               0.001039
                    144,                 1.5168,                 1.0812,                 1.2512,                0.55854,                0.35519,                0.37192,                0.12956,                 2.5469,                  2.007,                 2.0828,              0.0010081,              0.0010081,              0.0010081
                    145,                 1.6504,                 1.1721,                  1.306,                0.49337,                0.42623,                 0.4018,                0.14043,                 2.4979,                 1.9756,                 2.0361,             0.00097752,             0.00097752,             0.00097752
                    146,                 1.5721,                 1.1451,                 1.2837,                0.54291,                0.38798,                0.36845,                0.13006,                 2.5824,                 2.0612,                 2.0991,             0.00094738,             0.00094738,             0.00094738
                    147,                 1.5464,                 1.1411,                 1.2766,                0.65353,                0.34426,                 0.3967,                 0.1373,                 2.5398,                 2.0464,                 2.0664,             0.00091762,             0.00091762,             0.00091762
                    148,                 1.5775,                  1.136,                 1.2688,                0.57338,                0.40394,                0.40565,                0.14657,                 2.5134,                 1.9453,                 2.0699,             0.00088825,             0.00088825,             0.00088825
                    149,                 1.5354,                    1.1,                 1.2888,                0.62261,                0.38766,                0.38174,                0.14198,                 2.4453,                  1.973,                 2.0288,             0.00085929,             0.00085929,             0.00085929
                    150,                 1.5305,                 1.1065,                 1.2579,                0.52631,                0.37158,                0.37976,                0.13436,                 2.5305,                 2.0068,                  2.082,             0.00083075,             0.00083075,             0.00083075
                    151,                 1.5281,                 1.0874,                 1.2485,                0.59888,                0.38798,                0.40437,                0.13812,                 2.5177,                 1.9821,                 2.0538,             0.00080262,             0.00080262,             0.00080262
                    152,                 1.5201,                 1.0941,                 1.2619,                0.44616,                0.44809,                0.40451,                0.14288,                 2.5341,                 1.9745,                 2.0715,             0.00077491,             0.00077491,             0.00077491
                    153,                 1.5099,                 1.0891,                 1.2787,                 0.4801,                0.44809,                0.40862,                0.13461,                 2.5368,                 1.9802,                 2.1002,             0.00074764,             0.00074764,             0.00074764
                    154,                 1.5451,                 1.0708,                 1.2744,                0.57784,                0.40984,                 0.4306,                0.14104,                 2.5442,                 1.9768,                  2.068,              0.0007208,              0.0007208,              0.0007208
                    155,                 1.5482,                 1.1125,                 1.2576,                0.66068,                0.38798,                0.40776,                 0.1379,                  2.571,                 1.9985,                 2.0784,             0.00069441,             0.00069441,             0.00069441
                    156,                 1.5207,                 1.0477,                 1.2351,                0.45336,                0.48634,                0.39841,                0.14405,                 2.5491,                 2.0043,                 2.0786,             0.00066848,             0.00066848,             0.00066848
                    157,                 1.5783,                 1.1157,                 1.3147,                0.66262,                0.34426,                0.39198,                0.13159,                 2.5555,                 2.1134,                 2.1079,               0.000643,               0.000643,               0.000643
                    158,                  1.557,                 1.1053,                 1.2468,                0.52576,                0.44809,                0.39411,                0.13506,                 2.5002,                 1.9832,                 2.0586,             0.00061798,             0.00061798,             0.00061798
                    159,                 1.4719,                 1.0761,                 1.2303,                0.61782,                0.37705,                0.39112,                0.12973,                 2.5472,                 2.0157,                 2.1018,             0.00059343,             0.00059343,             0.00059343
                    160,                 1.4721,                  1.051,                 1.2413,                 0.5928,                0.39891,                0.40587,                0.13661,                 2.5406,                 1.9879,                 2.1102,             0.00056937,             0.00056937,             0.00056937
                    161,                 1.4942,                 1.0561,                 1.2324,                0.59503,                0.39344,                0.39268,                0.13964,                  2.533,                 2.0421,                 2.0965,             0.00054578,             0.00054578,             0.00054578
                    162,                 1.5118,                 1.0855,                 1.2655,                0.58305,                0.38251,                0.39175,                0.13739,                 2.5648,                 2.0193,                 2.1153,             0.00052268,             0.00052268,             0.00052268
                    163,                 1.4775,                 1.0722,                 1.2382,                0.61105,                0.38798,                 0.4064,                0.13865,                 2.5176,                 1.9695,                 2.0933,             0.00050008,             0.00050008,             0.00050008
                    164,                 1.5294,                 1.0782,                  1.248,                0.56063,                0.43169,                0.41535,                0.14716,                 2.4923,                 1.9234,                 2.0366,             0.00047798,             0.00047798,             0.00047798
                    165,                 1.4952,                 1.0477,                 1.2163,                 0.4784,                0.42623,                0.40427,                0.13709,                 2.5682,                 2.0186,                 2.0842,             0.00045638,             0.00045638,             0.00045638
                    166,                 1.4447,                 1.0193,                 1.2248,                0.58702,                0.40984,                 0.4064,                0.14252,                 2.5669,                 2.0372,                 2.0946,             0.00043529,             0.00043529,             0.00043529
                    167,                 1.4321,                 1.0009,                 1.2083,                 0.6369,                0.38798,                0.39683,                0.14632,                 2.5946,                 2.0031,                 2.1185,             0.00041472,             0.00041472,             0.00041472
                    168,                 1.4961,                 1.0512,                 1.2256,                0.55188,                0.43716,                0.40702,                0.13946,                  2.572,                 1.9581,                 2.1079,             0.00039466,             0.00039466,             0.00039466
                    169,                 1.5219,                 1.1207,                 1.2753,                0.60433,                0.40984,                0.40713,                0.14313,                 2.5408,                 1.9219,                 2.0957,             0.00037514,             0.00037514,             0.00037514
                    170,                 1.4796,                 1.0707,                  1.247,                0.49237,                0.46995,                0.40528,                0.14456,                 2.5118,                 1.9581,                 2.0901,             0.00035614,             0.00035614,             0.00035614
                    171,                 1.4385,                0.98945,                 1.2012,                0.48739,                0.44809,                0.40323,                0.13773,                 2.5634,                 2.0062,                 2.1031,             0.00033768,             0.00033768,             0.00033768
                    172,                 1.4887,                 1.0636,                 1.2232,                0.51924,                0.44809,                0.42422,                0.14286,                 2.5434,                 1.9853,                 2.0937,             0.00031976,             0.00031976,             0.00031976
                    173,                 1.4702,                 1.0118,                 1.2244,                0.59965,                0.40984,                0.42188,                0.14673,                 2.4929,                 1.9269,                 2.0621,             0.00030238,             0.00030238,             0.00030238
                    174,                 1.4718,                 1.0711,                 1.2343,                0.55952,                0.44262,                0.42407,                0.14562,                 2.4786,                 1.9735,                 2.0727,             0.00028555,             0.00028555,             0.00028555
                    175,                   1.47,                 1.0575,                 1.2578,                0.53979,                0.44809,                0.40286,                0.14209,                 2.4895,                 2.0333,                 2.0758,             0.00026928,             0.00026928,             0.00026928
                    176,                 1.4888,                 1.0425,                 1.2452,                0.53267,                0.41108,                0.38924,                0.13487,                 2.4997,                 2.0338,                 2.0823,             0.00025356,             0.00025356,             0.00025356
                    177,                 1.4197,                 1.0074,                 1.2105,                0.54875,                0.42077,                0.40204,                0.13912,                  2.536,                 1.9866,                  2.102,              0.0002384,              0.0002384,              0.0002384
                    178,                 1.4509,                 1.0609,                 1.2458,                0.62919,                0.37158,                0.39463,                0.13667,                  2.587,                  2.035,                  2.134,              0.0002238,              0.0002238,              0.0002238
                    179,                 1.4447,                 1.0341,                 1.2251,                0.50031,                 0.4153,                0.37332,                0.12998,                 2.6267,                 2.0932,                 2.1478,             0.00020978,             0.00020978,             0.00020978
                    180,                 1.4569,                 1.0142,                 1.2125,                0.56598,                0.39891,                0.38569,                 0.1371,                 2.6064,                 2.0332,                 2.1484,             0.00019632,             0.00019632,             0.00019632
                    181,                 1.4568,                 1.0624,                  1.253,                0.59649,                0.39891,                0.40311,                0.13802,                 2.5576,                   2.01,                 2.1164,             0.00018344,             0.00018344,             0.00018344
                    182,                 1.4435,                 1.0205,                 1.2016,                0.59687,                0.37158,                0.38792,                0.13436,                 2.5711,                 2.0692,                 2.1174,             0.00017114,             0.00017114,             0.00017114
                    183,                 1.3716,                 1.0032,                 1.2135,                0.53669,                0.42077,                0.39602,                 0.1386,                 2.5856,                 2.0562,                 2.1256,             0.00015941,             0.00015941,             0.00015941
                    184,                 1.4799,                 1.0161,                 1.2267,                0.52435,                0.45902,                0.41805,                0.14512,                 2.5988,                 2.0272,                 2.1365,             0.00014827,             0.00014827,             0.00014827
                    185,                 1.4413,                 1.0186,                 1.2417,                0.56582,                 0.4153,                0.39276,                0.13589,                 2.5839,                  2.016,                 2.1256,             0.00013772,             0.00013772,             0.00013772
                    186,                 1.4373,                 1.0136,                 1.2126,                0.58008,                0.42623,                0.40323,                0.13493,                 2.5919,                 2.0208,                 2.1273,             0.00012776,             0.00012776,             0.00012776
                    187,                 1.4309,                 1.0108,                 1.2012,                0.57446,                0.40984,                0.39405,                0.13498,                 2.5968,                 1.9931,                  2.135,             0.00011838,             0.00011838,             0.00011838
                    188,                 1.3772,                0.99052,                 1.1993,                0.56619,                0.40984,                0.38159,                0.13336,                 2.5795,                 1.9878,                 2.1307,             0.00010961,             0.00010961,             0.00010961
                    189,                 1.4372,                 1.0277,                 1.2288,                0.55968,                0.44262,                0.38874,                 0.1343,                  2.561,                 2.0119,                 2.1163,             0.00010142,             0.00010142,             0.00010142
